{"acronymes.txt": 1740910234.3783388, "contacts.txt": 1740911598.6812882, "info_generale.txt": 1740910407.8502386, "seatech_database.txt": 1741101487.3823206}